{
    "name": "root",
    "gauges": {
        "SimpleSam4.Policy.Entropy.mean": {
            "value": 1.262999415397644,
            "min": 1.262999415397644,
            "max": 1.4830747842788696,
            "count": 21
        },
        "SimpleSam4.Policy.Entropy.sum": {
            "value": 12806.814453125,
            "min": 12806.814453125,
            "max": 15029.4794921875,
            "count": 21
        },
        "SimpleSam4.Step.mean": {
            "value": 209933.0,
            "min": 9873.0,
            "max": 209933.0,
            "count": 21
        },
        "SimpleSam4.Step.sum": {
            "value": 209933.0,
            "min": 9873.0,
            "max": 209933.0,
            "count": 21
        },
        "SimpleSam4.Policy.ExtrinsicValueEstimate.mean": {
            "value": 12.863311767578125,
            "min": -110.42825317382812,
            "max": 13.743173599243164,
            "count": 21
        },
        "SimpleSam4.Policy.ExtrinsicValueEstimate.sum": {
            "value": 9004.318359375,
            "min": -16012.0966796875,
            "max": 9094.85546875,
            "count": 21
        },
        "SimpleSam4.Environment.EpisodeLength.mean": {
            "value": 13.077922077922079,
            "min": 13.077922077922079,
            "max": 130.64,
            "count": 21
        },
        "SimpleSam4.Environment.EpisodeLength.sum": {
            "value": 9063.0,
            "min": 9063.0,
            "max": 10473.0,
            "count": 21
        },
        "SimpleSam4.Environment.CumulativeReward.mean": {
            "value": 33.15930929951284,
            "min": -166.07184395619802,
            "max": 33.15930929951284,
            "count": 21
        },
        "SimpleSam4.Environment.CumulativeReward.sum": {
            "value": 23078.879272460938,
            "min": -13084.803327083588,
            "max": 23078.879272460938,
            "count": 21
        },
        "SimpleSam4.Policy.ExtrinsicReward.mean": {
            "value": 33.15930929951284,
            "min": -166.07184395619802,
            "max": 33.15930929951284,
            "count": 21
        },
        "SimpleSam4.Policy.ExtrinsicReward.sum": {
            "value": 23078.879272460938,
            "min": -13084.803327083588,
            "max": 23078.879272460938,
            "count": 21
        },
        "SimpleSam4.Losses.PolicyLoss.mean": {
            "value": 0.09727549095787254,
            "min": 0.08718107649242182,
            "max": 0.10090474955413922,
            "count": 21
        },
        "SimpleSam4.Losses.PolicyLoss.sum": {
            "value": 0.4863774547893627,
            "min": 0.3592035556629526,
            "max": 0.5045237477706961,
            "count": 21
        },
        "SimpleSam4.Losses.ValueLoss.mean": {
            "value": 1331.0758963179587,
            "min": 106.14975180506705,
            "max": 14295.31642385887,
            "count": 21
        },
        "SimpleSam4.Losses.ValueLoss.sum": {
            "value": 6655.379481589794,
            "min": 530.7487590253353,
            "max": 71476.58211929435,
            "count": 21
        },
        "SimpleSam4.Policy.LearningRate.mean": {
            "value": 0.00023872388042538002,
            "min": 0.00023872388042538002,
            "max": 0.0002983296005568,
            "count": 21
        },
        "SimpleSam4.Policy.LearningRate.sum": {
            "value": 0.0011936194021269,
            "min": 0.0009660963779679001,
            "max": 0.0014766666077778,
            "count": 21
        },
        "SimpleSam4.Policy.Epsilon.mean": {
            "value": 0.09999999999999999,
            "min": 0.09999999999999998,
            "max": 0.09999999999999999,
            "count": 21
        },
        "SimpleSam4.Policy.Epsilon.sum": {
            "value": 0.49999999999999994,
            "min": 0.3999999999999999,
            "max": 0.49999999999999994,
            "count": 21
        },
        "SimpleSam4.Policy.Beta.mean": {
            "value": 8.1617158e-05,
            "min": 8.1617158e-05,
            "max": 9.949888000000001e-05,
            "count": 21
        },
        "SimpleSam4.Policy.Beta.sum": {
            "value": 0.00040808578999999997,
            "min": 0.00032982889,
            "max": 0.00049299998,
            "count": 21
        },
        "SimpleSam4.IsTraining.mean": {
            "value": 1.0,
            "min": 1.0,
            "max": 1.0,
            "count": 21
        },
        "SimpleSam4.IsTraining.sum": {
            "value": 1.0,
            "min": 1.0,
            "max": 1.0,
            "count": 21
        }
    },
    "metadata": {
        "timer_format_version": "0.1.0",
        "start_time_seconds": "1735211773",
        "python_version": "3.10.12 | packaged by Anaconda, Inc. | (main, Jul  5 2023, 19:01:18) [MSC v.1916 64 bit (AMD64)]",
        "command_line_arguments": "C:\\Users\\marco\\miniconda3\\envs\\CarryingEnv\\Scripts\\mlagents-learn config/grabbing_pikmin.yaml --run-id=SimpleSam4",
        "mlagents_version": "1.1.0",
        "mlagents_envs_version": "1.1.0",
        "communication_protocol_version": "1.5.0",
        "pytorch_version": "2.5.1+cpu",
        "numpy_version": "1.23.5",
        "end_time_seconds": "1735213907"
    },
    "total": 2133.2451333999998,
    "count": 1,
    "self": 0.012027800003124867,
    "children": {
        "run_training.setup": {
            "total": 0.09357279999676393,
            "count": 1,
            "self": 0.09357279999676393
        },
        "TrainerController.start_learning": {
            "total": 2133.1395328,
            "count": 1,
            "self": 1.7289040004034177,
            "children": {
                "TrainerController._reset_env": {
                    "total": 11.208418599999277,
                    "count": 1,
                    "self": 11.208418599999277
                },
                "TrainerController.advance": {
                    "total": 2119.858359299593,
                    "count": 72995,
                    "self": 1.6330444986451766,
                    "children": {
                        "env_step": {
                            "total": 1914.88394829951,
                            "count": 72995,
                            "self": 1771.5488629983738,
                            "children": {
                                "SubprocessEnvManager._take_step": {
                                    "total": 142.2430127016778,
                                    "count": 72995,
                                    "self": 4.9698657012486365,
                                    "children": {
                                        "TorchPolicy.evaluate": {
                                            "total": 137.27314700042916,
                                            "count": 70976,
                                            "self": 137.27314700042916
                                        }
                                    }
                                },
                                "workers": {
                                    "total": 1.0920725994583336,
                                    "count": 72994,
                                    "self": 0.0,
                                    "children": {
                                        "worker_root": {
                                            "total": 2058.5519452007793,
                                            "count": 72994,
                                            "is_parallel": true,
                                            "self": 439.2132927015482,
                                            "children": {
                                                "steps_from_proto": {
                                                    "total": 0.0004746999984490685,
                                                    "count": 1,
                                                    "is_parallel": true,