{
    "name": "root",
    "gauges": {
        "Group10.Policy.Entropy.mean": {
            "value": 1.2220985889434814,
            "min": 1.2220985889434814,
            "max": 1.424676775932312,
            "count": 13
        },
        "Group10.Policy.Entropy.sum": {
            "value": 12557.0625,
            "min": 12438.6982421875,
            "max": 14446.22265625,
            "count": 13
        },
        "Group10.Environment.EpisodeLength.mean": {
            "value": 31.323529411764707,
            "min": 31.323529411764707,
            "max": 124.07692307692308,
            "count": 13
        },
        "Group10.Environment.EpisodeLength.sum": {
            "value": 9585.0,
            "min": 9372.0,
            "max": 10236.0,
            "count": 13
        },
        "Group10.Step.mean": {
            "value": 129915.0,
            "min": 9884.0,
            "max": 129915.0,
            "count": 13
        },
        "Group10.Step.sum": {
            "value": 129915.0,
            "min": 9884.0,
            "max": 129915.0,
            "count": 13
        },
        "Group10.Policy.ExtrinsicValueEstimate.mean": {
            "value": 721.7780151367188,
            "min": 10.54550838470459,
            "max": 1217.72705078125,
            "count": 13
        },
        "Group10.Policy.ExtrinsicValueEstimate.sum": {
            "value": 235299.640625,
            "min": 1465.82568359375,
            "max": 332439.5,
            "count": 13
        },
        "Group10.Environment.CumulativeReward.mean": {
            "value": 1112.5722018310003,
            "min": 492.41901551246644,
            "max": 2077.265308773571,
            "count": 13
        },
        "Group10.Environment.CumulativeReward.sum": {
            "value": 342672.23816394806,
            "min": 49241.90155124664,
            "max": 568267.1506137848,
            "count": 13
        },
        "Group10.Policy.ExtrinsicReward.mean": {
            "value": 1112.5722018310003,
            "min": 492.41901551246644,
            "max": 2077.265308773571,
            "count": 13
        },
        "Group10.Policy.ExtrinsicReward.sum": {
            "value": 342672.23816394806,
            "min": 49241.90155124664,
            "max": 568267.1506137848,
            "count": 13
        },
        "Group10.Losses.PolicyLoss.mean": {
            "value": 0.09878470763885108,
            "min": 0.095126182781608,
            "max": 0.10181259522362439,
            "count": 13
        },
        "Group10.Losses.PolicyLoss.sum": {
            "value": 0.49392353819425544,
            "min": 0.380504731126432,
            "max": 0.5060634899632549,
            "count": 13
        },
        "Group10.Losses.ValueLoss.mean": {
            "value": 1637914.8840297565,
            "min": 160824.61076486082,
            "max": 40416780.51041045,
            "count": 13
        },
        "Group10.Losses.ValueLoss.sum": {
            "value": 8189574.420148782,
            "min": 643298.4430594433,
            "max": 202083902.55205226,
            "count": 13
        },
        "Group10.Policy.LearningRate.mean": {
            "value": 0.00026244625251792,
            "min": 0.00026244625251792,
            "max": 0.0002982486005838,
            "count": 13
        },
        "Group10.Policy.LearningRate.sum": {
            "value": 0.0013122312625895999,
            "min": 0.0010737039420987,
            "max": 0.0014764128078623999,
            "count": 13
        },
        "Group10.Policy.Epsilon.mean": {
            "value": 0.09999999999999999,
            "min": 0.09999999999999998,
            "max": 0.09999999999999999,
            "count": 13
        },
        "Group10.Policy.Epsilon.sum": {
            "value": 0.49999999999999994,
            "min": 0.3999999999999999,
            "max": 0.49999999999999994,
            "count": 13
        },
        "Group10.Policy.Beta.mean": {
            "value": 8.8733872e-05,
            "min": 8.8733872e-05,
            "max": 9.947458000000003e-05,
            "count": 13
        },
        "Group10.Policy.Beta.sum": {
            "value": 0.00044366936,
            "min": 0.00036211117,
            "max": 0.00049292384,
            "count": 13
        },
        "Group10.IsTraining.mean": {
            "value": 1.0,
            "min": 1.0,
            "max": 1.0,
            "count": 13
        },
        "Group10.IsTraining.sum": {
            "value": 1.0,
            "min": 1.0,
            "max": 1.0,
            "count": 13
        }
    },
    "metadata": {
        "timer_format_version": "0.1.0",
        "start_time_seconds": "1735201858",
        "python_version": "3.10.12 | packaged by Anaconda, Inc. | (main, Jul  5 2023, 19:01:18) [MSC v.1916 64 bit (AMD64)]",
        "command_line_arguments": "C:\\Users\\marco\\miniconda3\\envs\\CarryingEnv\\Scripts\\mlagents-learn config/grabbing_pikmin.yaml --run-id=Group10",
        "mlagents_version": "1.1.0",
        "mlagents_envs_version": "1.1.0",
        "communication_protocol_version": "1.5.0",
        "pytorch_version": "2.5.1+cpu",
        "numpy_version": "1.23.5",
        "end_time_seconds": "1735203362"
    },
    "total": 1503.7938370999982,
    "count": 1,
    "self": 0.007435300001816358,
    "children": {
        "run_training.setup": {
            "total": 0.10397089999605669,
            "count": 1,
            "self": 0.10397089999605669
        },
        "TrainerController.start_learning": {
            "total": 1503.6824309000003,
            "count": 1,
            "self": 1.4178734007655294,
            "children": {
                "TrainerController._reset_env": {
                    "total": 16.85868300000584,
                    "count": 1,
                    "self": 16.85868300000584
                },
                "TrainerController.advance": {
                    "total": 1485.3013754992353,
                    "count": 45977,
                    "self": 1.3208390986183076,
                    "children": {
                        "env_step": {
                            "total": 1324.0442744002721,
                            "count": 45977,
                            "self": 1202.539612298824,
                            "children": {
                                "SubprocessEnvManager._take_step": {
                                    "total": 120.6252192002139,
                                    "count": 45978,
                                    "self": 3.994312701135641,
                                    "children": {
                                        "TorchPolicy.evaluate": {
                                            "total": 116.63090649907826,
                                            "count": 45107,
                                            "self": 116.63090649907826
                                        }
                                    }
                                },
                                "workers": {
                                    "total": 0.8794429012341425,
                                    "count": 45977,
                                    "self": 0.0,
                                    "children": {
                                        "worker_root": {
                                            "total": 1443.725902099657,
                                            "count": 45977,
                                            "is_parallel": true,
                                            "self": 353.11721839888196,
                                            "children": {
                                                "steps_from_proto": {
                                                    "total": 0.0012637999971047975,
                                                    "count": 2,
                                                    "is_parallel": true,
                                                    "self": 0.0007182000044849701,