{
    "name": "root",
    "gauges": {
        "Cheese4.Policy.Entropy.mean": {
            "value": 1.3432648181915283,
            "min": 1.316583275794983,
            "max": 1.4126582145690918,
            "count": 14
        },
        "Cheese4.Policy.Entropy.sum": {
            "value": 13431.3046875,
            "min": 13161.8515625,
            "max": 14286.212890625,
            "count": 14
        },
        "Cheese4.Environment.EpisodeLength.mean": {
            "value": 8.388732394366198,
            "min": 8.388732394366198,
            "max": 33.05050505050505,
            "count": 14
        },
        "Cheese4.Environment.EpisodeLength.sum": {
            "value": 8934.0,
            "min": 8934.0,
            "max": 9816.0,
            "count": 14
        },
        "Cheese4.Step.mean": {
            "value": 139997.0,
            "min": 9996.0,
            "max": 139997.0,
            "count": 14
        },
        "Cheese4.Step.sum": {
            "value": 139997.0,
            "min": 9996.0,
            "max": 139997.0,
            "count": 14
        },
        "Cheese4.Policy.ExtrinsicValueEstimate.mean": {
            "value": 169.77357482910156,
            "min": -126.92749786376953,
            "max": 169.77357482910156,
            "count": 14
        },
        "Cheese4.Policy.ExtrinsicValueEstimate.sum": {
            "value": 180978.625,
            "min": -38078.25,
            "max": 180978.625,
            "count": 14
        },
        "Cheese4.Environment.CumulativeReward.mean": {
            "value": 163.0212923447142,
            "min": -188.46092888449326,
            "max": 163.0212923447142,
            "count": 14
        },
        "Cheese4.Environment.CumulativeReward.sum": {
            "value": 173780.69763946533,
            "min": -55407.513092041016,
            "max": 173780.69763946533,
            "count": 14
        },
        "Cheese4.Policy.ExtrinsicReward.mean": {
            "value": 163.0212923447142,
            "min": -188.46092888449326,
            "max": 163.0212923447142,
            "count": 14
        },
        "Cheese4.Policy.ExtrinsicReward.sum": {
            "value": 173780.69763946533,
            "min": -55407.513092041016,
            "max": 173780.69763946533,
            "count": 14
        },
        "Cheese4.Losses.PolicyLoss.mean": {
            "value": 0.09522197364063219,
            "min": 0.09450948377281179,
            "max": 0.10601173273938719,
            "count": 14
        },
        "Cheese4.Losses.PolicyLoss.sum": {
            "value": 0.4761098682031609,
            "min": 0.40572171591924083,
            "max": 0.5094552916128867,
            "count": 14
        },
        "Cheese4.Losses.ValueLoss.mean": {
            "value": 1123.3637905606358,
            "min": 1051.4368750953674,
            "max": 13410.34911110618,
            "count": 14
        },
        "Cheese4.Losses.ValueLoss.sum": {
            "value": 5616.818952803179,
            "min": 5257.184375476837,
            "max": 67051.7455555309,
            "count": 14
        },
        "Cheese4.Policy.LearningRate.mean": {
            "value": 0.0002592870735709799,
            "min": 0.0002592870735709799,
            "max": 0.00029841397552867496,
            "count": 14
        },
        "Cheese4.Policy.LearningRate.sum": {
            "value": 0.0012964353678548996,
            "min": 0.0010980021339992998,
            "max": 0.0014778924073691998,
            "count": 14
        },
        "Cheese4.Policy.Epsilon.mean": {
            "value": 0.09999999999999998,
            "min": 0.09999999999999998,
            "max": 0.09999999999999999,
            "count": 14
        },
        "Cheese4.Policy.Epsilon.sum": {
            "value": 0.4999999999999999,
            "min": 0.3999999999999999,
            "max": 0.49999999999999994,
            "count": 14
        },
        "Cheese4.Policy.Beta.mean": {
            "value": 8.7786118e-05,
            "min": 8.7786118e-05,
            "max": 9.952419250000002e-05,
            "count": 14
        },
        "Cheese4.Policy.Beta.sum": {
            "value": 0.00043893059000000006,
            "min": 0.00036940063,
            "max": 0.00049336772,
            "count": 14
        },
        "Cheese4.IsTraining.mean": {
            "value": 1.0,
            "min": 1.0,
            "max": 1.0,
            "count": 14
        },
        "Cheese4.IsTraining.sum": {
            "value": 1.0,
            "min": 1.0,
            "max": 1.0,
            "count": 14
        }
    },
    "metadata": {
        "timer_format_version": "0.1.0",
        "start_time_seconds": "1735126311",
        "python_version": "3.10.12 | packaged by Anaconda, Inc. | (main, Jul  5 2023, 19:01:18) [MSC v.1916 64 bit (AMD64)]",
        "command_line_arguments": "C:\\Users\\marco\\miniconda3\\envs\\CarryingEnv\\Scripts\\mlagents-learn config/grabbing_pikmin.yaml --run-id=Cheese4",
        "mlagents_version": "1.1.0",
        "mlagents_envs_version": "1.1.0",
        "communication_protocol_version": "1.5.0",
        "pytorch_version": "2.5.1+cpu",
        "numpy_version": "1.23.5",
        "end_time_seconds": "1735127830"
    },
    "total": 1518.989526999998,
    "count": 1,
    "self": 10.07838960000663,
    "children": {
        "run_training.setup": {
            "total": 0.12306709997938015,
            "count": 1,
            "self": 0.12306709997938015
        },
        "TrainerController.start_learning": {
            "total": 1508.788070300012,
            "count": 1,
            "self": 1.5945075978816021,
            "children": {
                "TrainerController._reset_env": {
                    "total": 31.07894970002235,
                    "count": 1,
                    "self": 31.07894970002235
                },
                "TrainerController.advance": {
                    "total": 1475.7638439021248,
                    "count": 51421,
                    "self": 1.5115042994730175,
                    "children": {
                        "env_step": {
                            "total": 1256.1546047024895,
                            "count": 51421,
                            "self": 1126.266371707461,
                            "children": {
                                "SubprocessEnvManager._take_step": {
                                    "total": 128.91381679481128,
                                    "count": 51422,
                                    "self": 4.2876745946123265,
                                    "children": {
                                        "TorchPolicy.evaluate": {
                                            "total": 124.62614220019896,
                                            "count": 48949,
                                            "self": 124.62614220019896
                                        }
                                    }
                                },
                                "workers": {
                                    "total": 0.9744162002170924,
                                    "count": 51420,
                                    "self": 0.0,
                                    "children": {
                                        "worker_root": {
                                            "total": 1441.6426885015971,
                                            "count": 51420,
                                            "is_parallel": true,
                                            "self": 424.5971208004339,
                                            "children": {
                                                "steps_from_proto": {
                                                    "total": 0.004631299991160631,
                                                    "count": 2,
                                                    "is_parallel": true,
                                                    "self": 0.0012906999909318984,