{"count":1,"self":54.212768,"total":54.522855899999996,"children":{"AgentSendState":{"count":2425,"self":0.0184129,"total":0.031774699999999996,"children":{"CollectObservations":{"count":150,"self":0.0015069999999999999,"total":0.0015069999999999999,"children":null},"WriteActionMask":{"count":150,"self":0.0009824,"total":0.0009824,"children":null},"RequestDecision":{"count":150,"self":0.010872399999999999,"total":0.010872399999999999,"children":null}}},"DecideAction":{"count":2425,"self":0.0860184,"total":0.0860184,"children":null},"AgentAct":{"count":2425,"self":0.19073099999999998,"total":0.19073099999999998,"children":null},"InitializeActuators":{"count":6,"self":0.0010366,"total":0.0010366,"children":null},"InitializeSensors":{"count":6,"self":0.00052569999999999993,"total":0.00052569999999999993,"children":null}},"gauges":{},"metadata":{"timer_format_version":"0.1.0","start_time_seconds":"1735503010","unity_version":"2022.3.44f1","command_line_arguments":"C:\\Program Files\\Unity\\Hub\\Editor\\2022.3.44f1\\Editor\\Unity.exe -projectpath C:\\Users\\marco\\OneDrive\\Documentos\\GitHub\\AI-Project -useHub -hubIPC -cloudEnvironment production -licensingIpc LicenseClient-marco -hubSessionId 91099a8b-7012-4304-8085-00d115df5cc0 -accessToken PfDzhhnmnnJRxbMPw8Cv150hVaWEJVtvGR7Pj2zl6mY001f","communication_protocol_version":"1.5.0","com.unity.ml-agents_version":"2.0.1","scene_name":"Pikmins","end_time_seconds":"1735503065"}}