{
    "name": "root",
    "gauges": {
        "Group2.Policy.Entropy.mean": {
            "value": 1.0901190042495728,
            "min": 1.0901190042495728,
            "max": 1.412874460220337,
            "count": 23
        },
        "Group2.Policy.Entropy.sum": {
            "value": 10762.7451171875,
            "min": 10762.7451171875,
            "max": 14852.13671875,
            "count": 23
        },
        "Group2.Environment.EpisodeLength.mean": {
            "value": 73.79545454545455,
            "min": 73.79545454545455,
            "max": 96.22857142857143,
            "count": 23
        },
        "Group2.Environment.EpisodeLength.sum": {
            "value": 9741.0,
            "min": 9717.0,
            "max": 10104.0,
            "count": 23
        },
        "Group2.Step.mean": {
            "value": 229936.0,
            "min": 9915.0,
            "max": 229936.0,
            "count": 23
        },
        "Group2.Step.sum": {
            "value": 229936.0,
            "min": 9915.0,
            "max": 229936.0,
            "count": 23
        },
        "Group2.Policy.ExtrinsicValueEstimate.mean": {
            "value": -93.65894317626953,
            "min": -358.7106628417969,
            "max": 47.65203857421875,
            "count": 23
        },
        "Group2.Policy.ExtrinsicValueEstimate.sum": {
            "value": -12550.298828125,
            "min": -36947.19921875,
            "max": 5861.20068359375,
            "count": 23
        },
        "Group2.Environment.CumulativeReward.mean": {
            "value": -393.70712667436743,
            "min": -897.0418749042586,
            "max": -393.70712667436743,
            "count": 23
        },
        "Group2.Environment.CumulativeReward.sum": {
            "value": -52756.754974365234,
            "min": -91498.27124023438,
            "max": -48431.59244155884,
            "count": 23
        },
        "Group2.Policy.ExtrinsicReward.mean": {
            "value": -393.70712667436743,
            "min": -897.0418749042586,
            "max": -393.70712667436743,
            "count": 23
        },
        "Group2.Policy.ExtrinsicReward.sum": {
            "value": -52756.754974365234,
            "min": -91498.27124023438,
            "max": -48431.59244155884,
            "count": 23
        },
        "Group2.Losses.PolicyLoss.mean": {
            "value": 0.1042528445476659,
            "min": 0.09321190903223223,
            "max": 0.1042528445476659,
            "count": 23
        },
        "Group2.Losses.PolicyLoss.sum": {
            "value": 0.5212642227383295,
            "min": 0.3819056163035438,
            "max": 0.5212642227383295,
            "count": 23
        },
        "Group2.Losses.ValueLoss.mean": {
            "value": 25191.52021606908,
            "min": 11591.366349156699,
            "max": 268757.8591698244,
            "count": 23
        },
        "Group2.Losses.ValueLoss.sum": {
            "value": 125957.6010803454,
            "min": 46365.465396626794,
            "max": 1343789.295849122,
            "count": 23
        },
        "Group2.Policy.LearningRate.mean": {
            "value": 0.00023264402245199998,
            "min": 0.00023264402245199998,
            "max": 0.0002984326505224499,
            "count": 23
        },
        "Group2.Policy.LearningRate.sum": {
            "value": 0.0011632201122599999,
            "min": 0.0009418899860367002,
            "max": 0.0014779761073413001,
            "count": 23
        },
        "Group2.Policy.Epsilon.mean": {
            "value": 0.09999999999999999,
            "min": 0.09999999999999998,
            "max": 0.09999999999999999,
            "count": 23
        },
        "Group2.Policy.Epsilon.sum": {
            "value": 0.49999999999999994,
            "min": 0.3999999999999999,
            "max": 0.49999999999999994,
            "count": 23
        },
        "Group2.Policy.Beta.mean": {
            "value": 7.97932e-05,
            "min": 7.97932e-05,
            "max": 9.9529795e-05,
            "count": 23
        },
        "Group2.Policy.Beta.sum": {
            "value": 0.000398966,
            "min": 0.00032256697000000007,
            "max": 0.00049339283,
            "count": 23
        },
        "Group2.IsTraining.mean": {
            "value": 1.0,
            "min": 1.0,
            "max": 1.0,
            "count": 23
        },
        "Group2.IsTraining.sum": {
            "value": 1.0,
            "min": 1.0,
            "max": 1.0,
            "count": 23
        }
    },
    "metadata": {
        "timer_format_version": "0.1.0",
        "start_time_seconds": "1735191820",
        "python_version": "3.10.12 | packaged by Anaconda, Inc. | (main, Jul  5 2023, 19:01:18) [MSC v.1916 64 bit (AMD64)]",
        "command_line_arguments": "C:\\Users\\marco\\miniconda3\\envs\\CarryingEnv\\Scripts\\mlagents-learn config/grabbing_pikmin.yaml --run-id=Group2",
        "mlagents_version": "1.1.0",
        "mlagents_envs_version": "1.1.0",
        "communication_protocol_version": "1.5.0",
        "pytorch_version": "2.5.1+cpu",
        "numpy_version": "1.23.5",
        "end_time_seconds": "1735194362"
    },
    "total": 2545.688231500004,
    "count": 1,
    "self": 0.0059448000029078685,
    "children": {
        "run_training.setup": {
            "total": 0.21526820000144653,
            "count": 1,
            "self": 0.21526820000144653
        },
        "TrainerController.start_learning": {
            "total": 2545.4670184999995,
            "count": 1,
            "self": 2.1843404005412594,
            "children": {
                "TrainerController._reset_env": {
                    "total": 33.16848140000366,
                    "count": 1,
                    "self": 33.16848140000366
                },
                "TrainerController.advance": {
                    "total": 2509.86503599945,
                    "count": 79618,
                    "self": 2.0571037996414816,
                    "children": {
                        "env_step": {
                            "total": 2245.4811316997,
                            "count": 79618,
                            "self": 2062.1466506973447,
                            "children": {
                                "SubprocessEnvManager._take_step": {
                                    "total": 181.95895160141663,
                                    "count": 79619,
                                    "self": 6.256155501854664,
                                    "children": {
                                        "TorchPolicy.evaluate": {
                                            "total": 175.70279609956197,
                                            "count": 78755,
                                            "self": 175.70279609956197
                                        }
                                    }
                                },
                                "workers": {
                                    "total": 1.3755294009388308,
                                    "count": 79617,
                                    "self": 0.0,
                                    "children": {
                                        "worker_root": {
                                            "total": 2394.818357798744,
                                            "count": 79617,
                                            "is_parallel": true,
                                            "self": 556.4469654981876,
                                            "children": {
                                                "steps_from_proto": {
                                                    "total": 0.00443480000103591,
                                                    "count": 2,
                                                    "is_parallel": true,
                                                    "self": 0.0010861999980988912,