{
    "name": "root",
    "gauges": {
        "ManagerAvoidShooting5.Policy.Entropy.mean": {
            "value": 1.4186984300613403,
            "min": 1.4186984300613403,
            "max": 1.4186984300613403,
            "count": 1
        },
        "ManagerAvoidShooting5.Policy.Entropy.sum": {
            "value": 14843.841796875,
            "min": 14843.841796875,
            "max": 14843.841796875,
            "count": 1
        },
        "ManagerAvoidShooting5.Environment.EpisodeLength.mean": {
            "value": 109.04395604395604,
            "min": 109.04395604395604,
            "max": 109.04395604395604,
            "count": 1
        },
        "ManagerAvoidShooting5.Environment.EpisodeLength.sum": {
            "value": 9923.0,
            "min": 9923.0,
            "max": 9923.0,
            "count": 1
        },
        "ManagerAvoidShooting5.Step.mean": {
            "value": 9904.0,
            "min": 9904.0,
            "max": 9904.0,
            "count": 1
        },
        "ManagerAvoidShooting5.Step.sum": {
            "value": 9904.0,
            "min": 9904.0,
            "max": 9904.0,
            "count": 1
        },
        "ManagerAvoidShooting5.Policy.ExtrinsicValueEstimate.mean": {
            "value": -2.4298243522644043,
            "min": -2.4298243522644043,
            "max": -2.4298243522644043,
            "count": 1
        },
        "ManagerAvoidShooting5.Policy.ExtrinsicValueEstimate.sum": {
            "value": -218.68418884277344,
            "min": -218.68418884277344,
            "max": -218.68418884277344,
            "count": 1
        },
        "ManagerAvoidShooting5.Environment.CumulativeReward.mean": {
            "value": -8.817778417799207,
            "min": -8.817778417799207,
            "max": -8.817778417799207,
            "count": 1
        },
        "ManagerAvoidShooting5.Environment.CumulativeReward.sum": {
            "value": -793.6000576019287,
            "min": -793.6000576019287,
            "max": -793.6000576019287,
            "count": 1
        },
        "ManagerAvoidShooting5.Policy.ExtrinsicReward.mean": {
            "value": -8.817778417799207,
            "min": -8.817778417799207,
            "max": -8.817778417799207,
            "count": 1
        },
        "ManagerAvoidShooting5.Policy.ExtrinsicReward.sum": {
            "value": -793.6000576019287,
            "min": -793.6000576019287,
            "max": -793.6000576019287,
            "count": 1
        },
        "ManagerAvoidShooting5.Losses.PolicyLoss.mean": {
            "value": 0.09686292860075506,
            "min": 0.09686292860075506,
            "max": 0.09686292860075506,
            "count": 1
        },
        "ManagerAvoidShooting5.Losses.PolicyLoss.sum": {
            "value": 0.38745171440302023,
            "min": 0.38745171440302023,
            "max": 0.38745171440302023,
            "count": 1
        },
        "ManagerAvoidShooting5.Losses.ValueLoss.mean": {
            "value": 2.578716485367881,
            "min": 2.578716485367881,
            "max": 2.578716485367881,
            "count": 1
        },
        "ManagerAvoidShooting5.Losses.ValueLoss.sum": {
            "value": 10.314865941471524,
            "min": 10.314865941471524,
            "max": 10.314865941471524,
            "count": 1
        },
        "ManagerAvoidShooting5.Policy.LearningRate.mean": {
            "value": 0.0002983818005394,
            "min": 0.0002983818005394,
            "max": 0.0002983818005394,
            "count": 1
        },
        "ManagerAvoidShooting5.Policy.LearningRate.sum": {
            "value": 0.0011935272021576,
            "min": 0.0011935272021576,
            "max": 0.0011935272021576,
            "count": 1
        },
        "ManagerAvoidShooting5.Policy.Epsilon.mean": {
            "value": 0.09999999999999998,
            "min": 0.09999999999999998,
            "max": 0.09999999999999998,
            "count": 1
        },
        "ManagerAvoidShooting5.Policy.Epsilon.sum": {
            "value": 0.3999999999999999,
            "min": 0.3999999999999999,
            "max": 0.3999999999999999,
            "count": 1
        },
        "ManagerAvoidShooting5.Policy.Beta.mean": {
            "value": 9.951454000000002e-05,
            "min": 9.951454000000002e-05,
            "max": 9.951454000000002e-05,
            "count": 1
        },
        "ManagerAvoidShooting5.Policy.Beta.sum": {
            "value": 0.0003980581600000001,
            "min": 0.0003980581600000001,
            "max": 0.0003980581600000001,
            "count": 1
        },
        "ManagerAvoidShooting5.IsTraining.mean": {
            "value": 1.0,
            "min": 1.0,
            "max": 1.0,
            "count": 1
        },
        "ManagerAvoidShooting5.IsTraining.sum": {
            "value": 1.0,
            "min": 1.0,
            "max": 1.0,
            "count": 1
        }
    },
    "metadata": {
        "timer_format_version": "0.1.0",
        "start_time_seconds": "1735242483",
        "python_version": "3.10.12 | packaged by Anaconda, Inc. | (main, Jul  5 2023, 19:01:18) [MSC v.1916 64 bit (AMD64)]",
        "command_line_arguments": "C:\\Users\\marco\\miniconda3\\envs\\CarryingEnv\\Scripts\\mlagents-learn config/grabbing_pikmin.yaml --run-id=ManagerAvoidShooting5",
        "mlagents_version": "1.1.0",
        "mlagents_envs_version": "1.1.0",
        "communication_protocol_version": "1.5.0",
        "pytorch_version": "2.5.1+cpu",
        "numpy_version": "1.23.5",
        "end_time_seconds": "1735242620"
    },
    "total": 137.40032039998914,
    "count": 1,
    "self": 10.011782499976107,
    "children": {
        "run_training.setup": {
            "total": 0.1034222000016598,
            "count": 1,
            "self": 0.1034222000016598
        },
        "TrainerController.start_learning": {
            "total": 127.28511570001137,
            "count": 1,
            "self": 0.07418769935611635,
            "children": {
                "TrainerController._reset_env": {
                    "total": 18.434847500000615,
                    "count": 1,
                    "self": 18.434847500000615
                },
                "TrainerController.advance": {
                    "total": 108.51257550064474,
                    "count": 1983,
                    "self": 0.06907930105808191,
                    "children": {
                        "env_step": {
                            "total": 91.95007249970513,
                            "count": 1983,
                            "self": 85.55228089929733,
                            "children": {
                                "SubprocessEnvManager._take_step": {
                                    "total": 6.351542900389177,
                                    "count": 1984,
                                    "self": 0.21667670049646404,
                                    "children": {
                                        "TorchPolicy.evaluate": {
                                            "total": 6.134866199892713,
                                            "count": 1967,
                                            "self": 6.134866199892713
                                        }
                                    }
                                },
                                "workers": {
                                    "total": 0.04624870001862291,
                                    "count": 1982,
                                    "self": 0.0,
                                    "children": {
                                        "worker_root": {
                                            "total": 68.62965999952576,
                                            "count": 1982,
                                            "is_parallel": true,
                                            "self": 29.25024619938631,