{
    "name": "root",
    "gauges": {
        "TenSimple.Policy.Entropy.mean": {
            "value": 1.3258326053619385,
            "min": 1.3258326053619385,
            "max": 1.4184175729751587,
            "count": 13
        },
        "TenSimple.Policy.Entropy.sum": {
            "value": 12834.0595703125,
            "min": 12407.2734375,
            "max": 14850.83203125,
            "count": 13
        },
        "TenSimple.Step.mean": {
            "value": 129924.0,
            "min": 9958.0,
            "max": 129924.0,
            "count": 13
        },
        "TenSimple.Step.sum": {
            "value": 129924.0,
            "min": 9958.0,
            "max": 129924.0,
            "count": 13
        },
        "TenSimple.Policy.ExtrinsicValueEstimate.mean": {
            "value": 0.017068902030587196,
            "min": -0.04352977126836777,
            "max": 0.09276175498962402,
            "count": 13
        },
        "TenSimple.Policy.ExtrinsicValueEstimate.sum": {
            "value": 2.2530951499938965,
            "min": -5.615340709686279,
            "max": 12.615598678588867,
            "count": 13
        },
        "TenSimple.Environment.EpisodeLength.mean": {
            "value": 137.28571428571428,
            "min": 127.42857142857143,
            "max": 147.71428571428572,
            "count": 13
        },
        "TenSimple.Environment.EpisodeLength.sum": {
            "value": 9610.0,
            "min": 8840.0,
            "max": 10650.0,
            "count": 13
        },
        "TenSimple.Environment.CumulativeReward.mean": {
            "value": 0.010842339348580156,
            "min": 0.00019942289218306543,
            "max": 0.11364165972918272,
            "count": 13
        },
        "TenSimple.Environment.CumulativeReward.sum": {
            "value": 0.7589637544006109,
            "min": 0.013959602452814579,
            "max": 9.091332778334618,
            "count": 13
        },
        "TenSimple.Policy.ExtrinsicReward.mean": {
            "value": 0.010842339348580156,
            "min": 0.00019942289218306543,
            "max": 0.11364165972918272,
            "count": 13
        },
        "TenSimple.Policy.ExtrinsicReward.sum": {
            "value": 0.7589637544006109,
            "min": 0.013959602452814579,
            "max": 9.091332778334618,
            "count": 13
        },
        "TenSimple.Losses.PolicyLoss.mean": {
            "value": 0.09731842140844964,
            "min": 0.08649247717785327,
            "max": 0.1034589852976817,
            "count": 13
        },
        "TenSimple.Losses.PolicyLoss.sum": {
            "value": 0.2919552642253489,
            "min": 0.274943352655203,
            "max": 0.39838743003157384,
            "count": 13
        },
        "TenSimple.Losses.ValueLoss.mean": {
            "value": 0.0004480814811680522,
            "min": 0.0001772350444397212,
            "max": 0.009311482995833507,
            "count": 13
        },
        "TenSimple.Losses.ValueLoss.sum": {
            "value": 0.0013442444435041567,
            "min": 0.0006381087929817706,
            "max": 0.029006671727446424,
            "count": 13
        },
        "TenSimple.Policy.LearningRate.mean": {
            "value": 0.000262443012519,
            "min": 0.000262443012519,
            "max": 0.0002982480005839999,
            "count": 13
        },
        "TenSimple.Policy.LearningRate.sum": {
            "value": 0.0007873290375570001,
            "min": 0.0007873290375570001,
            "max": 0.0011695050101649999,
            "count": 13
        },
        "TenSimple.Policy.Epsilon.mean": {
            "value": 0.09999999999999999,
            "min": 0.09999999999999999,
            "max": 0.10000000000000002,
            "count": 13
        },
        "TenSimple.Policy.Epsilon.sum": {
            "value": 0.3,
            "min": 0.3,
            "max": 0.4,
            "count": 13
        },
        "TenSimple.Policy.Beta.mean": {
            "value": 8.87329e-05,
            "min": 8.87329e-05,
            "max": 9.947439999999999e-05,
            "count": 13
        },
        "TenSimple.Policy.Beta.sum": {
            "value": 0.0002661987,
            "min": 0.0002661987,
            "max": 0.00039085150000000006,
            "count": 13
        },
        "TenSimple.IsTraining.mean": {
            "value": 1.0,
            "min": 1.0,
            "max": 1.0,
            "count": 13
        },
        "TenSimple.IsTraining.sum": {
            "value": 1.0,
            "min": 1.0,
            "max": 1.0,
            "count": 13
        }
    },
    "metadata": {
        "timer_format_version": "0.1.0",
        "start_time_seconds": "1735229506",
        "python_version": "3.10.12 | packaged by Anaconda, Inc. | (main, Jul  5 2023, 19:01:18) [MSC v.1916 64 bit (AMD64)]",
        "command_line_arguments": "C:\\Users\\marco\\miniconda3\\envs\\CarryingEnv\\Scripts\\mlagents-learn config/grabbing_pikmin.yaml --run-id=TenSimple",
        "mlagents_version": "1.1.0",
        "mlagents_envs_version": "1.1.0",
        "communication_protocol_version": "1.5.0",
        "pytorch_version": "2.5.1+cpu",
        "numpy_version": "1.23.5",
        "end_time_seconds": "1735230203"
    },
    "total": 696.8559420000092,
    "count": 1,
    "self": 0.014425200002733618,
    "children": {
        "run_training.setup": {
            "total": 0.11927290000312496,
            "count": 1,
            "self": 0.11927290000312496
        },
        "TrainerController.start_learning": {
            "total": 696.7222439000034,
            "count": 1,
            "self": 0.5217822999693453,
            "children": {
                "TrainerController._reset_env": {
                    "total": 29.5512541999924,
                    "count": 1,
                    "self": 29.5512541999924
                },
                "TrainerController.advance": {
                    "total": 666.307995500043,
                    "count": 14075,
                    "self": 0.4983774993888801,
                    "children": {
                        "env_step": {
                            "total": 455.7645318000432,
                            "count": 14075,
                            "self": 410.0949339002982,
                            "children": {
                                "SubprocessEnvManager._take_step": {
                                    "total": 45.33955979938037,
                                    "count": 14075,
                                    "self": 1.6208056994073559,
                                    "children": {
                                        "TorchPolicy.evaluate": {
                                            "total": 43.71875409997301,
                                            "count": 13976,
                                            "self": 43.71875409997301
                                        }
                                    }
                                },
                                "workers": {
                                    "total": 0.330038100364618,
                                    "count": 14074,
                                    "self": 0.0,
                                    "children": {
                                        "worker_root": {
                                            "total": 606.0744291991286,
                                            "count": 14074,
                                            "is_parallel": true,
                                            "self": 290.88048099941807,
                                            "children": {
                                                "steps_from_proto": {
                                                    "total": 0.004342200001701713,
                                                    "count": 1,
                                                    "is_parallel": true,