{
    "name": "root",
    "gauges": {
        "Cheese5.Policy.Entropy.mean": {
            "value": 1.3814747333526611,
            "min": 1.3814747333526611,
            "max": 1.4347337484359741,
            "count": 8
        },
        "Cheese5.Policy.Entropy.sum": {
            "value": 13697.322265625,
            "min": 13697.322265625,
            "max": 14457.8115234375,
            "count": 8
        },
        "Cheese5.Environment.EpisodeLength.mean": {
            "value": 37.88235294117647,
            "min": 7.161764705882353,
            "max": 37.895348837209305,
            "count": 8
        },
        "Cheese5.Environment.EpisodeLength.sum": {
            "value": 9660.0,
            "min": 8766.0,
            "max": 9777.0,
            "count": 8
        },
        "Cheese5.Step.mean": {
            "value": 79987.0,
            "min": 9972.0,
            "max": 79987.0,
            "count": 8
        },
        "Cheese5.Step.sum": {
            "value": 79987.0,
            "min": 9972.0,
            "max": 79987.0,
            "count": 8
        },
        "Cheese5.Policy.ExtrinsicValueEstimate.mean": {
            "value": -151.07138061523438,
            "min": -151.07138061523438,
            "max": 172.3351287841797,
            "count": 8
        },
        "Cheese5.Policy.ExtrinsicValueEstimate.sum": {
            "value": -38825.34375,
            "min": -38825.34375,
            "max": 211110.53125,
            "count": 8
        },
        "Cheese5.Environment.CumulativeReward.mean": {
            "value": -256.91420178840133,
            "min": -257.5170074344145,
            "max": 170.12638266427177,
            "count": 8
        },
        "Cheese5.Environment.CumulativeReward.sum": {
            "value": -66026.94985961914,
            "min": -66181.87091064453,
            "max": 208404.8187637329,
            "count": 8
        },
        "Cheese5.Policy.ExtrinsicReward.mean": {
            "value": -256.91420178840133,
            "min": -257.5170074344145,
            "max": 170.12638266427177,
            "count": 8
        },
        "Cheese5.Policy.ExtrinsicReward.sum": {
            "value": -66026.94985961914,
            "min": -66181.87091064453,
            "max": 208404.8187637329,
            "count": 8
        },
        "Cheese5.Losses.PolicyLoss.mean": {
            "value": 0.09668372675161663,
            "min": 0.09273030974504763,
            "max": 0.1018593962068735,
            "count": 8
        },
        "Cheese5.Losses.PolicyLoss.sum": {
            "value": 0.48341863375808314,
            "min": 0.3845162856314097,
            "max": 0.499717210601375,
            "count": 8
        },
        "Cheese5.Losses.ValueLoss.mean": {
            "value": 417.25106937408447,
            "min": 417.25106937408447,
            "max": 15848.354184644293,
            "count": 8
        },
        "Cheese5.Losses.ValueLoss.sum": {
            "value": 2086.2553468704223,
            "min": 2086.2553468704223,
            "max": 79241.77092322147,
            "count": 8
        },
        "Cheese5.Policy.LearningRate.mean": {
            "value": 0.0002774973075009,
            "min": 0.0002774973075009,
            "max": 0.0002984445755184749,
            "count": 8
        },
        "Cheese5.Policy.LearningRate.sum": {
            "value": 0.0013874865375045,
            "min": 0.0011339292220236,
            "max": 0.0014780832073056,
            "count": 8
        },
        "Cheese5.Policy.Epsilon.mean": {
            "value": 0.09999999999999999,
            "min": 0.09999999999999998,
            "max": 0.09999999999999999,
            "count": 8
        },
        "Cheese5.Policy.Epsilon.sum": {
            "value": 0.49999999999999994,
            "min": 0.3999999999999999,
            "max": 0.49999999999999994,
            "count": 8
        },
        "Cheese5.Policy.Beta.mean": {
            "value": 9.324919000000001e-05,
            "min": 9.324919000000001e-05,
            "max": 9.953337250000001e-05,
            "count": 8
        },
        "Cheese5.Policy.Beta.sum": {
            "value": 0.00046624595000000006,
            "min": 0.00038017876000000006,
            "max": 0.00049342496,
            "count": 8
        },
        "Cheese5.IsTraining.mean": {
            "value": 1.0,
            "min": 1.0,
            "max": 1.0,
            "count": 8
        },
        "Cheese5.IsTraining.sum": {
            "value": 1.0,
            "min": 1.0,
            "max": 1.0,
            "count": 8
        }
    },
    "metadata": {
        "timer_format_version": "0.1.0",
        "start_time_seconds": "1735127878",
        "python_version": "3.10.12 | packaged by Anaconda, Inc. | (main, Jul  5 2023, 19:01:18) [MSC v.1916 64 bit (AMD64)]",
        "command_line_arguments": "C:\\Users\\marco\\miniconda3\\envs\\CarryingEnv\\Scripts\\mlagents-learn config/grabbing_pikmin.yaml --run-id=Cheese5",
        "mlagents_version": "1.1.0",
        "mlagents_envs_version": "1.1.0",
        "communication_protocol_version": "1.5.0",
        "pytorch_version": "2.5.1+cpu",
        "numpy_version": "1.23.5",
        "end_time_seconds": "1735128652"
    },
    "total": 774.4496339999896,
    "count": 1,
    "self": 10.013705599994864,
    "children": {
        "run_training.setup": {
            "total": 0.11813629997777753,
            "count": 1,
            "self": 0.11813629997777753
        },
        "TrainerController.start_learning": {
            "total": 764.317792100017,
            "count": 1,
            "self": 0.768194102216512,
            "children": {
                "TrainerController._reset_env": {
                    "total": 15.863813300005859,
                    "count": 1,
                    "self": 15.863813300005859
                },
                "TrainerController.advance": {
                    "total": 747.3699248977646,
                    "count": 28529,
                    "self": 0.7336100946704391,
                    "children": {
                        "env_step": {
                            "total": 650.6970041012682,
                            "count": 28529,
                            "self": 588.8330610006524,
                            "children": {
                                "SubprocessEnvManager._take_step": {
                                    "total": 61.386148900637636,
                                    "count": 28531,
                                    "self": 2.1343044015811756,
                                    "children": {
                                        "TorchPolicy.evaluate": {
                                            "total": 59.25184449905646,
                                            "count": 27136,
                                            "self": 59.25184449905646
                                        }
                                    }
                                },
                                "workers": {
                                    "total": 0.47779419997823425,
                                    "count": 28528,
                                    "self": 0.0,
                                    "children": {
                                        "worker_root": {
                                            "total": 705.9194686022238,
                                            "count": 28528,
                                            "is_parallel": true,
                                            "self": 197.5025833042746,
                                            "children": {
                                                "steps_from_proto": {
                                                    "total": 0.0013035000010859221,
                                                    "count": 3,
                                                    "is_parallel": true,
                                                    "self": 0.0007461000641342252,